Time (UTC) , i value , j value , latitude , longitude ," u (west to east wind, m/s) "," v (south to north wind, m/s) ", temperature (C) , relative humidity (%) , vertical velocity (cm/s) , pressure (mb) , water vapor Â (g/kg) , turbulent kinetic energy (m^2/s^2) , precipitation rate (mm/hr), sensible heat flux (W/m^2) , Latent heat flux (W/m^2) , tracer concentration,leakage,classify_pred,regression_pred
17.1,35,32,33.245,-81.657,3.69818,0.96393,14.30201,38.18646,-2.54777,991.54193,3.97278,0.70387,0,208.9614,1.65824,0.0,0,0,0.0
17.1,79,11,33.224,-81.613,3.66118,0.61765,14.71649,36.83393,13.32491,991.57111,3.93776,0.95257,0,334.46979,0.46013,0.0,0,0,0.0
17.1,67,55,33.268,-81.625,3.35923,0.27678,14.85326,36.46486,8.479,993.18561,3.92694,0.90608,0,319.53644,0.50995,0.0,0,0,0.0
17.1,13,45,33.258,-81.679,3.35417,0.659,14.72106,37.47058,0.28886,993.28015,4.00001,0.92126,0,202.21458,1.74831,0.0,0,0,0.0
17.1,40,58,33.271,-81.652,3.36677,0.39028,14.7774,37.05476,0.41396,994.81274,3.96406,0.73863,0,209.61282,1.23029,0.0,0,0,0.0
17.1,55,44,33.257,-81.637,3.72022,0.82898,14.40699,37.62852,10.11347,991.53003,3.94192,0.66702,0,340.57474,0.48133,0.0,0,0,0.0
17.1,56,19,33.232,-81.636,3.41151,0.29206,14.82376,36.92864,-7.81188,994.33667,3.96452,0.95529,0,324.20221,0.39914,0.0,0,0,0.0
17.1,79,56,33.269,-81.613,3.6167,0.04491,14.75328,36.49844,12.86485,991.50806,3.9116,0.95954,0,325.71323,0.94084,0.0,0,0,0.0
17.1,44,9,33.222,-81.648,3.55274,0.71019,14.53705,37.86818,2.82124,992.91925,3.9954,0.73026,0,333.00696,0.69782,0.0,0,0,0.0
17.1,14,31,33.244,-81.678,3.56251,0.92463,14.45746,38.14824,-1.10314,993.25214,4.00257,0.70143,0,215.0168,1.39204,0.0,0,0,0.0
17.1,57,14,33.227,-81.635,3.13648,0.49181,15.00659,36.59901,5.53421,995.03961,3.97364,0.93853,0,320.60559,0.45395,0.0,0,0,0.0
17.1,30,16,33.229,-81.662,3.39532,0.34603,14.41809,38.37977,2.25218,992.32959,4.02025,0.76364,0,282.29364,1.16619,0.0,0,0,0.0
17.1,42,31,33.244,-81.65,3.76952,0.83758,14.33059,38.04041,2.84796,991.54663,3.96502,0.70956,0,335.26288,0.89502,0.0,0,0,0.0
17.1,5,29,33.242,-81.687,3.55249,0.86397,14.47729,38.23541,2.54899,993.36865,4.01647,0.73549,0,217.35063,1.34528,0.0,0,0,0.0
17.1,76,29,33.242,-81.616,3.65975,0.29309,14.74015,36.67994,7.52869,992.81488,3.92239,0.98683,0,329.2771,0.51138,0.0,0,0,0.0
17.1,40,60,33.273,-81.652,3.35094,0.33753,14.78797,37.05433,1.0288,995.09528,3.96563,0.73976,0,208.95428,1.27334,0.0,0,0,0.0
17.1,15,42,33.255,-81.677,3.38906,0.75638,14.61609,37.67034,0.58762,992.59277,3.99654,0.86845,0,195.75685,2.02517,0.0,0,0,0.0
17.1,51,46,33.259,-81.641,3.66374,0.76157,14.40885,37.66293,2.48272,991.52789,3.94602,0.67668,0,220.51686,1.11036,0.0,0,0,0.0
17.1,18,42,33.255,-81.674,3.40781,0.77734,14.58293,37.7012,-0.14763,992.4505,3.9917,0.83261,0,200.02321,2.07765,0.0,0,0,0.0
17.1,9,6,33.219,-81.683,3.18523,0.64584,14.53927,38.37957,2.69228,993.2561,4.04854,0.87676,0,303.42612,56.5575,0.0,0,0,0.0
17.1,33,35,33.248,-81.659,3.66701,1.04262,14.31455,38.15724,-3.42058,991.53961,3.97302,0.6931,0,200.3065,2.36755,0.0,0,0,0.0
17.1,68,51,33.264,-81.624,3.51281,0.61625,14.72895,36.70642,4.93709,992.24292,3.92466,0.91311,0,329.0072,0.50978,0.0,0,0,0.0
17.1,8,10,33.223,-81.684,3.25714,0.62514,14.50097,38.42924,-2.60339,993.19788,4.04384,0.85653,0,204.0611,50.45888,0.0,0,0,0.0
17.1,39,55,33.268,-81.653,3.43137,0.53614,14.64891,37.30516,0.64541,993.42627,3.96295,0.74342,0,213.13597,1.14787,0.0,0,0,0.0
17.1,32,61,33.274,-81.66,3.30339,0.37209,14.79654,37.11951,-0.07173,994.76361,3.97616,0.82473,0,207.01065,1.54286,0.0,0,0,0.0
17.1,63,8,33.221,-81.629,3.69914,0.74429,14.73523,37.12584,2.81202,993.33984,3.96665,0.92556,0,330.09671,0.49724,0.0,0,0,0.0
17.1,32,12,33.225,-81.66,3.1979,0.45505,14.54083,38.11666,2.00836,992.85175,4.0229,0.80638,0,211.46404,1.27435,0.0,0,0,0.0
17.1,24,59,33.272,-81.668,3.15224,0.43033,14.91458,36.94629,-4.65664,995.09344,3.98702,0.95475,0,199.37036,1.75473,0.0,0,0,0.0
17.1,77,26,33.239,-81.615,3.74534,0.34927,14.75279,36.6501,3.20404,993.0882,3.92136,1.00788,0,330.62817,0.5074,0.0,0,0,0.0
17.1,33,29,33.242,-81.659,3.75047,0.91607,14.33496,38.18196,0.28933,991.84656,3.97969,0.71344,0,218.54483,1.30866,0.0,0,0,0.0
17.1,70,68,33.281,-81.622,3.96913,0.0298,14.36045,37.61953,-3.5143,991.5733,3.92875,0.74445,0,330.53452,1.28972,0.0,0,0,0.0
17.1,37,57,33.27,-81.655,3.39406,0.44579,14.72046,37.18898,1.14844,994.04047,3.96671,0.76907,0,211.41638,1.3381,0.0,0,0,0.0
17.1,79,53,33.266,-81.613,3.57971,0.43713,14.7595,36.48365,13.52906,991.48206,3.9117,0.96603,0,326.72144,0.88433,0.0,0,0,0.0
17.1,23,28,33.241,-81.669,3.60296,0.91646,14.47981,38.04185,1.10506,993.75031,3.99524,0.67983,0,262.56595,1.21105,0.0,0,0,0.0
17.1,73,63,33.276,-81.619,3.66442,-0.09728,14.71266,36.72919,-1.50519,993.15582,3.91921,0.851,0,324.46631,1.0676,0.0,0,0,0.0
17.1,5,24,33.237,-81.687,3.61056,0.83767,14.52848,38.1969,0.95783,994.27069,4.02225,0.72696,0,218.58298,1.38068,0.0,0,0,0.0
17.1,52,21,33.234,-81.64,3.50968,0.38108,14.66336,37.30267,-7.56421,993.36499,3.96669,0.92177,0,324.57794,0.57354,0.0,0,0,0.0
17.1,49,46,33.259,-81.643,3.6524,0.75701,14.40999,37.6862,2.66991,991.52625,3.94875,0.67759,0,219.56337,1.08657,0.0,0,0,0.0
17.1,78,65,33.278,-81.614,3.82961,-0.13253,14.63389,36.85159,-1.20478,992.42316,3.91493,0.92276,0,334.40451,1.46646,0.0,0,0,0.0
17.1,17,54,33.267,-81.675,3.13654,0.55834,14.92862,36.99694,1.43012,995.00531,3.99651,0.96538,0,326.9632,1.05618,0.0,0,0,0.0
17.1,17,59,33.272,-81.675,3.14969,0.45324,14.88116,37.09927,-1.26426,994.46875,3.99731,0.95764,0,324.41479,1.03133,0.0,0,0,0.0
17.1,79,16,33.229,-81.613,3.63173,-0.07276,14.89587,36.38989,8.3347,993.0874,3.93023,1.01233,0,324.10162,0.46533,0.0,0,0,0.0
17.1,16,46,33.259,-81.676,3.37024,0.64644,14.68757,37.49692,-2.4023,993.16962,3.9945,0.90318,0,199.94688,1.95453,0.0,0,0,0.0
17.1,29,14,33.227,-81.663,3.24934,0.38394,14.48481,38.28817,4.06098,992.51862,4.02752,0.7991,0,330.60501,0.95302,0.0,0,0,0.0
17.1,39,41,33.254,-81.653,3.62508,0.91764,14.44564,37.76831,7.15346,992.06958,3.96444,0.66943,0,206.32448,1.38424,0.0,0,0,0.0
17.1,75,68,33.281,-81.617,3.88073,0.02203,14.49261,37.27903,-6.85024,992.12622,3.92496,0.8425,0,328.62225,1.53087,0.0,0,0,0.0
17.1,74,22,33.235,-81.618,3.80298,0.28047,14.78273,36.67173,-3.15295,993.73315,3.9288,1.02145,0,329.32504,0.49607,0.0,0,0,0.0
17.1,46,59,33.272,-81.646,3.45582,0.37383,14.7789,36.99388,3.94245,994.85266,3.95777,0.70963,0,209.96272,1.09328,0.0,0,0,0.0
17.1,4,45,33.258,-81.688,3.16653,0.69159,14.86658,37.34351,0.478,995.17346,4.0169,0.91528,0,320.63556,1.00942,0.0,0,0,0.0
17.1,51,15,33.228,-81.641,3.28419,0.40731,14.7379,37.23825,3.03038,993.14435,3.98017,0.89637,0,324.25961,0.5232,0.0,0,0,0.0
17.1,48,34,33.247,-81.644,3.79229,0.77022,14.29043,38.02023,-7.95137,991.5448,3.95247,0.72006,0,213.84891,1.11053,0.0,0,0,0.0
17.1,52,61,33.274,-81.64,3.62773,0.32413,14.54737,37.38682,5.67047,992.68048,3.94825,0.7191,0,214.4641,1.13465,0.0,0,0,0.0
17.1,74,55,33.268,-81.618,3.53543,0.1932,14.78037,36.50305,14.24118,991.8905,3.9175,0.95395,0,327.64999,0.67867,0.0,0,0,0.0
17.1,8,40,33.253,-81.684,3.41576,0.76232,14.68279,37.66142,8.78947,993.48822,4.00945,0.84558,0,332.50656,0.99179,0.0,0,0,0.0
17.1,57,65,33.278,-81.635,3.70651,0.07625,14.31562,37.83718,1.1145,991.52948,3.94002,0.66849,0,209.86253,1.23811,0.0,0,0,0.0
17.1,62,31,33.244,-81.63,3.79688,0.44657,14.4505,37.49907,3.41788,991.73425,3.93878,0.82846,0,331.46527,0.44403,0.0,0,0,0.0
17.1,77,60,33.273,-81.615,3.7536,-0.17215,14.68964,36.67389,8.88981,991.74689,3.91304,0.94132,0,334.33295,1.03621,0.0,0,0,0.0
17.1,65,59,33.272,-81.627,3.58681,0.04793,14.71523,36.81922,6.55862,993.26685,3.92904,0.79569,0,324.11435,0.48885,0.0,0,0,0.0
17.1,35,34,33.247,-81.657,3.69232,1.00592,14.29899,38.17503,-3.91936,991.53906,3.97081,0.69449,0,203.1978,2.01888,0.0,0,0,0.0
17.1,4,64,33.277,-81.688,3.43485,0.38917,14.59239,37.99316,6.55614,992.92554,4.02315,0.91119,0,324.845,0.98645,0.0,0,0,0.0
17.1,53,57,33.27,-81.639,3.49645,0.4071,14.72103,36.97212,8.60582,993.41486,3.94626,0.76108,0,320.28183,0.37433,0.0,0,0,0.0
17.1,10,24,33.237,-81.682,3.59208,0.84865,14.53268,38.15163,-1.25855,994.51941,4.01755,0.7058,0,221.60716,1.40903,0.0,0,0,0.0
17.1,63,47,33.26,-81.629,3.65587,0.76435,14.51181,37.26577,0.59352,991.51685,3.93096,0.79994,0,326.93338,0.50725,0.0,0,0,0.0
17.1,37,68,33.281,-81.655,3.63291,0.19106,14.37089,38.01213,-2.49769,992.33691,3.96938,0.70508,0,196.07384,1.77619,0.0,0,0,0.0
17.1,30,28,33.241,-81.662,3.69325,0.89792,14.43054,38.04581,2.15519,992.87537,3.9863,0.69992,0,236.06674,1.25162,0.0,0,0,0.0
17.1,29,65,33.278,-81.663,3.35746,0.25215,14.5767,37.63021,2.72722,993.00439,3.98029,0.81975,0,198.49887,1.87624,0.0,0,0,0.0
17.1,51,51,33.264,-81.641,3.58278,0.63664,14.55371,37.32311,11.45086,991.97528,3.94601,0.7183,0,334.85162,0.31,0.0,0,0,0.0
17.1,6,47,33.26,-81.686,3.22159,0.67853,14.87257,37.29021,0.65558,995.01062,4.0134,0.93375,0,323.29156,1.01288,0.0,0,0,0.0
17.1,23,55,33.268,-81.669,3.23076,0.53588,14.80935,37.1499,0.00332,993.89545,3.9863,0.95989,0,207.65579,1.55662,0.0,0,0,0.0
17.1,25,12,33.225,-81.667,3.19712,0.48787,14.49701,38.36642,5.24985,992.6601,4.03839,0.80732,0,293.70175,61.81108,0.0,0,0,0.0
17.1,26,65,33.278,-81.666,3.29158,0.25534,14.62617,37.56078,2.43008,993.27509,3.98476,0.85208,0,193.45555,1.936,0.0,0,0,0.0
17.1,14,42,33.255,-81.678,3.38617,0.75048,14.63369,37.64739,0.97792,992.70154,3.99828,0.87612,0,193.98534,1.94361,0.0,0,0,0.0
17.1,72,63,33.276,-81.62,3.67619,-0.08548,14.6827,36.80565,-1.95374,993.01013,3.92023,0.83078,0,324.19958,0.9991,0.0,0,0,0.0
17.1,31,34,33.247,-81.661,3.66467,1.04491,14.31454,38.19101,-2.27762,991.5365,3.97655,0.70086,0,203.50941,2.12627,0.0,0,0,0.0
17.1,44,14,33.227,-81.648,3.4099,0.40736,14.574,37.73444,5.58482,992.2168,3.99383,0.80339,0,327.09201,0.59386,0.0,0,0,0.0
17.1,21,51,33.264,-81.671,3.30119,0.59151,14.821,37.15034,7.40063,994.07581,3.98866,0.92747,0,335.09235,1.03558,0.0,0,0,0.0
17.1,11,28,33.241,-81.681,3.5757,0.87824,14.43921,38.25729,-0.06617,993.3374,4.00885,0.70013,0,221.73808,1.38187,0.0,0,0,0.0
17.1,78,23,33.236,-81.614,3.80225,0.25922,14.74521,36.66322,-2.98305,993.27643,3.92006,1.02145,0,331.42682,0.50235,0.0,0,0,0.0
17.1,55,7,33.22,-81.637,3.64358,0.86856,14.79771,37.15955,-0.26452,994.85144,3.98042,0.83187,0,331.45001,0.55963,0.0,0,0,0.0
17.1,48,26,33.239,-81.644,3.68614,0.57069,14.47968,37.68637,-11.87323,992.28839,3.9638,0.8326,0,212.16449,1.21723,0.0,0,0,0.0
17.1,55,59,33.272,-81.637,3.59701,0.32536,14.64402,37.12064,1.92447,993.07465,3.94352,0.75316,0,210.39447,1.17393,0.0,0,0,0.0
17.1,24,31,33.244,-81.668,3.61867,1.00972,14.43062,38.07647,3.04212,992.87781,3.98952,0.68902,0,259.99701,1.10846,0.0,0,0,0.0
17.1,31,36,33.249,-81.661,3.63201,1.05312,14.33642,38.1243,-1.99998,991.53125,3.97535,0.69314,0,200.7171,2.53755,0.0,0,0,0.0
17.1,49,68,33.281,-81.643,3.83497,0.14562,14.26109,38.09856,-1.65686,991.44843,3.95336,0.6646,0,204.72379,1.49309,0.0,0,0,0.0
17.1,72,12,33.225,-81.62,3.58478,0.51944,14.75394,36.85738,10.76303,991.83112,3.94891,0.96925,0,327.16156,0.40017,0.0,0,0,0.0
17.1,52,65,33.278,-81.64,3.66313,0.13793,14.33681,37.86106,4.21908,991.53345,3.94799,0.6751,0,210.31378,1.11996,0.0,0,0,0.0
17.1,27,40,33.253,-81.665,3.47497,0.91042,14.49253,37.80552,1.6891,992.25507,3.97982,0.71484,0,203.63022,2.27916,0.0,0,0,0.0
17.1,58,9,33.222,-81.634,3.57322,0.82405,14.84388,36.98047,3.0303,994.49872,3.97467,0.89932,0,333.45972,0.52141,0.0,0,0,0.0
17.1,22,47,33.26,-81.67,3.35004,0.61739,14.80674,37.18217,-1.17442,994.52063,3.98655,0.81603,0,204.20717,1.71321,0.0,0,0,0.0
17.1,20,67,33.28,-81.672,3.48364,0.27006,14.48683,37.95428,-2.39291,992.31714,3.99373,0.82018,0,197.02226,1.87553,0.0,0,0,0.0
17.1,26,8,33.221,-81.666,3.2923,0.62325,14.55688,38.26017,3.78796,993.48468,4.03968,0.78026,0,288.42957,26.07145,0.0,0,0,0.0
17.1,14,7,33.22,-81.678,3.16026,0.50935,14.53158,38.3629,-3.1437,993.43298,4.044,0.84311,0,188.69624,49.40791,0.0,0,0,0.0
17.1,40,5,33.218,-81.652,3.7238,0.68789,14.43312,38.20531,-5.82395,993.07898,4.00287,0.69385,0,223.38087,1.13062,0.0,0,0,0.0
17.1,47,27,33.24,-81.645,3.74508,0.59779,14.413,37.83007,-9.03541,991.8197,3.96342,0.81007,0,212.80716,1.15809,0.0,0,0,0.0
17.1,75,47,33.26,-81.617,3.68496,0.71925,14.57903,36.95042,-1.98219,991.50714,3.91497,0.94075,0,329.81113,0.74308,0.0,0,0,0.0
17.1,11,45,33.258,-81.681,3.36265,0.66781,14.74732,37.44609,4.30604,993.43555,4.00366,0.9298,0,329.54739,0.988,0.0,0,0,0.0
17.1,16,66,33.279,-81.676,3.38064,0.33188,14.52859,37.91656,0.98801,992.35931,4.00056,0.85696,0,292.51047,1.20434,0.0,0,0,0.0
17.1,41,66,33.279,-81.651,3.48656,0.17706,14.50628,37.66996,4.66588,993.24603,3.96512,0.6956,0,198.21211,1.48407,0.0,0,0,0.0
17.1,16,39,33.252,-81.676,3.39685,0.85503,14.53681,37.84651,3.43106,992.19055,3.99603,0.82142,0,196.03473,2.01548,0.0,0,0,0.0
17.1,25,4,33.217,-81.667,3.38861,0.68147,14.55466,38.32629,-0.73452,994.20599,4.04308,0.75614,0,186.98717,58.71273,0.0,0,0,0.0
17.1,22,24,33.237,-81.67,3.63612,0.79385,14.46366,38.18703,-1.50763,994.02051,4.00513,0.68974,0,221.32864,1.30168,0.0,0,0,0.0
17.1,69,50,33.263,-81.623,3.57954,0.66554,14.67326,36.81382,2.80317,991.9472,3.92296,0.91486,0,331.10239,0.51381,0.0,0,0,0.0
17.1,51,26,33.239,-81.641,3.64974,0.54572,14.54847,37.49994,-9.31137,992.84778,3.9598,0.84863,0,212.4079,1.22573,0.0,0,0,0.0
17.1,7,30,33.243,-81.685,3.55291,0.85285,14.46993,38.21771,0.58951,993.29297,4.01299,0.72426,0,218.34129,1.36896,0.0,0,0,0.0
17.1,18,21,33.234,-81.674,3.57951,0.70467,14.5242,38.21084,-1.58352,994.59436,4.02124,0.70276,0,218.33786,1.21818,0.0,0,0,0.0
17.1,73,52,33.265,-81.619,3.5492,0.5134,14.74976,36.58289,10.66234,991.81519,3.9185,0.95393,0,330.13293,0.63832,0.0,0,0,0.0
17.1,73,49,33.262,-81.619,3.66919,0.69621,14.61846,36.87757,1.00741,991.52136,3.91734,0.93956,0,331.42133,0.63558,0.0,0,0,0.0
17.1,71,65,33.278,-81.621,3.80745,-0.07479,14.50856,37.21022,-5.37769,992.15369,3.92169,0.79087,0,326.03259,1.092,0.0,0,0,0.0
17.1,78,4,33.217,-81.614,3.86865,0.79906,14.47257,37.503,-5.21283,991.75323,3.94483,0.82665,0,220.03722,1.53607,0.0,0,0,0.0
17.1,70,55,33.268,-81.622,3.41421,0.24363,14.84395,36.43659,11.1079,992.8161,3.92298,0.93003,0,323.03543,0.56368,0.0,0,0,0.0
17.1,68,34,33.247,-81.624,3.79674,0.43551,14.47529,37.33662,-7.66526,991.89886,3.92745,0.87132,0,327.43158,0.61559,0.0,0,0,0.0
17.1,13,22,33.235,-81.679,3.57564,0.77663,14.56065,38.13509,-3.01064,994.9895,4.02127,0.70688,0,219.93932,1.34482,0.0,0,0,0.0
17.1,35,20,33.233,-81.657,3.6959,0.48799,14.37673,38.25913,2.48777,992.02173,3.99799,0.74058,0,336.3551,1.05401,0.0,0,0,0.0
17.1,49,6,33.219,-81.643,3.71762,0.86465,14.70536,37.47086,-1.54297,994.87872,3.98941,0.70961,0,330.11252,0.63959,0.0,0,0,0.0
17.1,62,43,33.256,-81.63,3.68656,0.79111,14.46066,37.41696,3.38942,991.52295,3.93364,0.76073,0,328.75339,0.7049,0.0,0,0,0.0
17.1,12,10,33.223,-81.68,3.24731,0.58003,14.48114,38.46141,-0.85491,993.16479,4.04209,0.818,0,218.44191,55.16481,0.0,0,0,0.0
17.1,65,45,33.258,-81.627,3.63668,0.7491,14.50266,37.27129,0.85101,991.51398,3.9292,0.82167,0,327.91306,0.59976,0.0,0,0,0.0
17.1,66,59,33.272,-81.626,3.58575,0.03191,14.72541,36.78226,5.8662,993.26746,3.92772,0.80596,0,324.30658,0.51891,0.0,0,0,0.0
17.1,61,48,33.261,-81.631,3.67574,0.77296,14.51138,37.2883,1.92638,991.51678,3.93323,0.77343,0,327.9971,0.50393,0.0,0,0,0.0
17.1,21,28,33.241,-81.671,3.56966,0.91209,14.47395,38.07871,-1.69857,993.78198,3.99745,0.68053,0,217.35449,1.25875,0.0,0,0,0.0
17.1,11,18,33.231,-81.681,3.4554,0.64214,14.52629,38.33233,-3.88939,994.3382,4.03564,0.75151,0,200.30048,57.33722,0.0,0,0,0.0
17.1,38,41,33.254,-81.654,3.59255,0.9042,14.47204,37.72752,6.81339,992.3324,3.96597,0.66805,0,204.33296,1.4545,0.0,0,0,0.0
17.1,21,10,33.223,-81.671,3.20946,0.552,14.51348,38.36438,5.8953,992.99017,4.04119,0.8054,0,296.52094,61.31497,0.0,0,0,0.0
17.1,8,29,33.242,-81.684,3.56738,0.86628,14.45657,38.2433,0.29431,993.29486,4.01213,0.71433,0,220.93463,1.40803,0.0,0,0,0.0
17.1,7,7,33.22,-81.685,3.19836,0.67378,14.53851,38.37566,1.77641,993.26996,4.04785,0.87873,0,302.96722,57.89696,0.0,0,0,0.0
17.1,78,49,33.262,-81.614,3.70131,0.73416,14.63884,36.76857,0.08624,991.49646,3.9111,0.96641,0,328.258,0.78839,0.0,0,1,4.832403921462003e-11
17.1,47,16,33.229,-81.645,3.42052,0.37943,14.57062,37.65208,0.56052,992.15027,3.98449,0.86101,0,325.401,0.56801,0.0,0,0,0.0
17.1,54,62,33.275,-81.638,3.65338,0.24215,14.4524,37.56183,4.82123,992.0321,3.94466,0.70746,0,214.07265,1.12021,0.0,0,0,0.0
17.1,60,10,33.223,-81.632,3.5489,0.75783,14.84515,36.92664,6.52271,994.05872,3.97101,0.93034,0,334.25507,0.50562,0.0,0,0,0.0
17.1,14,5,33.218,-81.678,3.13238,0.58675,14.56502,38.31442,-5.39254,993.737,4.04652,0.85669,0,189.42349,48.79176,0.0,0,0,0.0
17.1,61,10,33.223,-81.631,3.5765,0.73724,14.82011,36.95879,7.33237,993.75482,3.96918,0.93704,0,334.2446,0.50495,0.0,0,0,0.0
17.1,29,8,33.221,-81.663,3.37155,0.65709,14.55034,38.2083,3.96688,993.40192,4.0328,0.77264,0,305.76294,0.90699,0.0,0,0,0.0
17.1,8,62,33.275,-81.684,3.42032,0.37361,14.55996,37.95358,4.26384,992.23425,4.01325,0.91882,0,326.99496,0.98262,0.0,0,0,0.0
17.1,67,21,33.234,-81.625,3.69137,0.32346,14.81956,36.73806,-4.65169,994.26318,3.94326,1.00255,0,327.58752,0.39936,0.0,0,0,0.0
17.1,69,48,33.261,-81.623,3.63689,0.71637,14.58298,37.01821,-0.71241,991.62622,3.92271,0.89709,0,330.85544,0.57209,0.0,0,0,0.0
17.1,15,5,33.218,-81.677,3.12562,0.58342,14.58168,38.28054,-5.45137,993.95203,4.04647,0.84684,0,187.10573,50.83834,0.0,0,0,0.0
17.1,9,28,33.241,-81.683,3.58046,0.87187,14.44337,38.26894,0.31736,993.2865,4.01137,0.70844,0,222.86116,1.42597,0.0,0,0,0.0
17.1,5,68,33.281,-81.687,3.50949,0.38349,14.52075,38.1697,4.67323,992.61383,4.02416,0.8966,0,192.19241,1.7206,0.0,0,0,0.0
17.1,23,66,33.279,-81.669,3.31971,0.24232,14.59357,37.67516,-0.78595,993.05743,3.98925,0.84124,0,190.77046,1.86533,0.0,0,0,0.0
17.1,64,27,33.24,-81.628,3.78065,0.42661,14.61114,37.16175,3.81927,992.60254,3.94127,0.91226,0,329.67203,0.21555,0.0,0,0,0.0
17.1,54,36,33.249,-81.638,3.8441,0.80191,14.28639,37.93566,-3.82063,991.54468,3.94262,0.69617,0,272.17856,1.0214,2.011e-12,1,1,7.695513670746834e-11
17.1,55,36,33.249,-81.637,3.88558,0.78621,14.29721,37.89806,0.40964,991.54602,3.94151,0.69648,0,340.67361,0.7426,2.011e-12,1,1,8.300735099275869e-11
17.1,56,36,33.249,-81.636,3.90782,0.76869,14.3074,37.86068,0.82885,991.54657,3.94026,0.70029,0,337.29694,0.74859,6.032e-12,1,1,5.771774724827594e-11
17.1,57,36,33.249,-81.635,3.91401,0.7528,14.31557,37.82892,0.00454,991.54535,3.93907,0.708,0,335.18524,0.75223,1.206e-11,1,1,5.1374265952475184e-11
17.1,58,36,33.249,-81.634,3.91458,0.73625,14.32467,37.79445,-1.05347,991.54315,3.93785,0.7184,0,333.50992,0.7526,6.032e-12,1,1,5.803194036424486e-11
17.1,59,36,33.249,-81.633,3.91065,0.71898,14.33458,37.75768,-2.15173,991.54034,3.9366,0.73135,0,332.30017,0.75189,7.64e-12,1,1,4.16552625726041e-11
17.1,60,36,33.249,-81.632,3.90441,0.70219,14.34297,37.72535,-3.01593,991.53784,3.93542,0.74532,0,331.75287,0.75911,1.26e-11,1,1,4.2495645891094114e-11
17.1,61,36,33.249,-81.631,3.8975,0.68395,14.35251,37.68953,-3.7748,991.53693,3.93415,0.76104,0,331.42892,0.76415,1.394e-11,1,1,4.2432141134085555e-11
17.1,62,36,33.249,-81.63,3.89098,0.66538,14.36185,37.65403,-4.44391,991.53577,3.93286,0.77702,0,331.33856,0.76234,9.249e-12,1,1,4.0301401105224954e-11
17.1,63,36,33.249,-81.629,3.88508,0.64693,14.37084,37.61947,-5.03963,991.53387,3.93159,0.79256,0,331.4256,0.75574,1.448e-11,1,1,4.1867703748366125e-11
17.1,64,36,33.249,-81.628,3.87967,0.62942,14.38007,37.5851,-5.56296,991.53162,3.93039,0.80667,0,331.5394,0.75437,7.238e-12,1,1,3.8833186666309416e-11
17.1,65,36,33.249,-81.627,3.87411,0.61055,14.3908,37.54673,-6.07567,991.54059,3.92912,0.82119,0,331.38965,0.74988,1.046e-11,1,1,4.1322584243275173e-11
17.1,66,36,33.249,-81.626,3.86709,0.5922,14.40295,37.50558,-6.57738,991.55908,3.92787,0.83461,0,331.09824,0.74976,1.126e-11,1,1,4.7992415597164495e-11
17.1,67,36,33.249,-81.625,3.85771,0.57467,14.41677,37.46129,-7.08062,991.59088,3.92668,0.84692,0,330.69113,0.75393,2.319e-11,1,1,4.657721430767481e-11
17.1,68,36,33.249,-81.624,3.83965,0.55698,14.43652,37.40435,-7.67251,991.68213,3.92544,0.85964,0,329.91736,0.75122,1.944e-11,1,1,5.669034686128782e-11
17.1,69,36,33.249,-81.623,3.81834,0.54358,14.46162,37.33763,-8.05941,991.81641,3.92436,0.87158,0,329.21841,0.76051,1.247e-11,1,1,4.643793682923558e-11
17.1,70,36,33.249,-81.622,3.79361,0.53313,14.49039,37.26293,-8.22434,991.97205,3.92329,0.88382,0,328.59393,0.7746,1.568e-11,1,1,5.3933107979631245e-11
17.1,71,36,33.249,-81.621,3.76647,0.52613,14.52266,37.18007,-8.05194,992.14423,3.92218,0.89664,0,328.07767,0.79022,1.917e-11,1,1,4.435166123251122e-11
17.1,72,36,33.249,-81.62,3.75338,0.52465,14.55451,37.0998,-7.17833,992.31842,3.92122,0.90798,0,327.77209,0.7945,3.606e-11,1,1,5.12160591714661e-11
17.1,73,36,33.249,-81.619,3.76711,0.52491,14.56962,37.05256,-5.66908,992.33411,3.92005,0.91929,0,328.56982,0.80096,3.029e-11,1,1,5.0446674615400866e-11
17.1,74,36,33.249,-81.618,3.79619,0.52466,14.56438,37.04686,-4.04246,992.18982,3.91868,0.92965,0,330.66962,0.80637,3.19e-11,1,1,6.227793281077254e-11
17.1,75,36,33.249,-81.617,3.83,0.52249,14.5399,37.08157,-2.68808,991.9137,3.91717,0.93844,0,333.94778,0.80869,3.284e-11,1,1,4.965153288516433e-11
17.1,76,36,33.249,-81.616,3.84768,0.50951,14.52215,37.10249,-2.79008,991.72333,3.91558,0.94608,0,335.91281,0.81801,3.646e-11,1,1,5.5457888281651435e-11
17.1,77,36,33.249,-81.615,3.84865,0.49799,14.51277,37.10735,-3.04651,991.60974,3.91413,0.95214,0,336.15451,0.83189,3.499e-11,1,1,7.295106185800648e-11
17.1,43,37,33.25,-81.649,3.77844,0.97991,14.32607,37.99395,-3.17697,991.72278,3.95829,0.67576,0,209.56812,1.37572,1.069e-08,1,1,9.037571579995074e-09
17.1,44,37,33.25,-81.648,3.79686,0.97444,14.31255,38.0089,-3.67923,991.62952,3.95671,0.67802,0,211.48651,1.2728,8.748e-09,1,1,7.197785478751939e-09
17.1,45,37,33.25,-81.647,3.80714,0.96597,14.30475,38.01289,-4.32937,991.58142,3.95529,0.6797,0,213.0108,1.23758,3.231e-09,1,1,3.3865801274401974e-09
17.1,46,37,33.25,-81.646,3.81492,0.9551,14.29777,38.01484,-4.95114,991.54822,3.9538,0.68142,0,214.39305,1.18844,7.327e-10,1,1,6.612987379917001e-10
17.1,47,37,33.25,-81.645,3.82027,0.94229,14.29276,38.01218,-5.5012,991.53369,3.95227,0.68301,0,215.78395,1.13823,2.429e-10,1,1,4.825883026526867e-10
17.1,48,37,33.25,-81.644,3.82382,0.92906,14.29115,38.0021,-5.91691,991.539,3.95079,0.68424,0,217.38199,1.10857,1.721e-10,1,1,1.7265625040785437e-10
17.1,49,37,33.25,-81.643,3.82637,0.9165,14.28914,37.99369,-6.06009,991.5415,3.94939,0.68519,0,219.02129,1.15392,1.279e-10,1,1,1.416884665150775e-10
17.1,50,37,33.25,-81.642,3.82839,0.90383,14.2872,37.98466,-6.2607,991.54272,3.94793,0.68608,0,220.40356,1.19789,1.146e-10,1,1,1.3243053875733324e-10
17.1,51,37,33.25,-81.641,3.82945,0.89087,14.28589,37.97396,-6.29915,991.54291,3.94647,0.68676,0,221.25752,1.23142,1.109e-10,1,1,1.1660664100965334e-10
17.1,52,37,33.25,-81.64,3.8291,0.87737,14.28604,37.96021,-5.8659,991.54254,3.94509,0.68703,0,221.26433,1.24247,1.267e-10,1,1,1.5585152612906938e-10
17.1,53,37,33.25,-81.639,3.81903,0.86652,14.28525,37.94806,-5.91094,991.54211,3.94362,0.68752,0,221.26222,1.26308,9.611e-11,1,1,1.4857873265050614e-10
17.1,54,37,33.25,-81.638,3.84317,0.85415,14.2914,37.92085,-2.84201,991.54114,3.94239,0.68744,0,272.98734,1.04371,7.882e-11,1,1,1.0282016904561431e-10
17.1,55,37,33.25,-81.637,3.88559,0.83982,14.30195,37.8838,1.35165,991.539,3.94128,0.68786,0,341.04614,0.742,7.882e-11,1,1,1.843137586998722e-10
17.1,56,37,33.25,-81.636,3.90804,0.82243,14.3115,37.8475,1.6698,991.534,3.94,0.69191,0,337.56268,0.74848,6.354e-11,1,1,1.783006797761999e-10
17.1,57,37,33.25,-81.635,3.91304,0.80582,14.31909,37.81697,0.7287,991.53223,3.9388,0.69978,0,335.32965,0.75326,5.952e-11,1,1,9.304104708895977e-11
17.1,58,37,33.25,-81.634,3.91192,0.78856,14.32806,37.78275,-0.45438,991.53284,3.93755,0.71038,0,333.53531,0.75792,5.067e-11,1,1,8.648057270299603e-11
17.1,59,37,33.25,-81.633,3.90611,0.77085,14.33842,37.7449,-1.65736,991.53516,3.93629,0.72365,0,332.21915,0.76236,4.062e-11,1,1,6.856612499994696e-11
17.1,60,37,33.25,-81.632,3.89859,0.75438,14.34786,37.71012,-2.51725,991.53583,3.9351,0.73819,0,331.6001,0.76563,4.102e-11,1,1,6.188530243811385e-11
17.1,61,37,33.25,-81.631,3.89055,0.73665,14.35817,37.67241,-3.29331,991.53601,3.93383,0.7546,0,331.31995,0.76864,3.217e-11,1,1,5.818959203374163e-11
17.1,62,37,33.25,-81.63,3.88293,0.71869,14.36737,37.63721,-3.9703,991.53503,3.93254,0.77125,0,331.30914,0.77036,3.137e-11,1,1,5.492187260536241e-11
17.1,63,37,33.25,-81.629,3.876,0.70094,14.37537,37.605,-4.55641,991.53296,3.93125,0.78744,0,331.49323,0.77145,3.592e-11,1,1,5.779857148446865e-11
17.1,64,37,33.25,-81.628,3.86989,0.68426,14.38345,37.57325,-5.05852,991.53052,3.93004,0.80212,0,331.7467,0.77458,3.163e-11,1,1,4.9084653008790724e-11
17.1,65,37,33.25,-81.627,3.86431,0.66641,14.39296,37.53761,-5.51172,991.53278,3.92875,0.81713,0,331.6358,0.77293,3.753e-11,1,1,5.576786255012678e-11
17.1,66,37,33.25,-81.626,3.85823,0.64909,14.40275,37.50166,-5.92131,991.53949,3.92748,0.83091,0,331.47736,0.77196,5.898e-11,1,1,8.03101196655831e-11
17.1,67,37,33.25,-81.625,3.851,0.63254,14.41306,37.46496,-6.30061,991.55334,3.92625,0.84343,0,331.33295,0.77342,6.89e-11,1,1,8.788167416007298e-11
17.1,68,37,33.25,-81.624,3.8388,0.61552,14.42882,37.41573,-6.68651,991.60181,3.92496,0.85618,0,330.93457,0.78028,7.895e-11,1,1,9.282966062507114e-11
17.1,69,37,33.25,-81.623,3.82415,0.60215,14.44673,37.36352,-6.92724,991.67651,3.92381,0.86792,0,330.35187,0.78246,8.472e-11,1,1,9.040754256339767e-11
17.1,70,37,33.25,-81.622,3.8061,0.59118,14.46742,37.30546,-7.05124,991.77289,3.92266,0.87978,0,329.77844,0.78533,6.93e-11,1,1,8.546760521532804e-11
17.1,71,37,33.25,-81.621,3.78486,0.58309,14.49189,37.23901,-6.99093,991.89447,3.92148,0.8921,0,329.32172,0.79169,5.442e-11,1,1,7.258485479333388e-11
17.1,72,37,33.25,-81.62,3.77344,0.58061,14.51955,37.16711,-6.37156,992.03503,3.92046,0.90328,0,329.16757,0.80445,5.027e-11,1,1,6.75727529486636e-11
17.1,73,37,33.25,-81.619,3.78186,0.57988,14.53421,37.12122,-5.30194,992.06458,3.91928,0.91443,0,329.71497,0.81058,5.764e-11,1,1,8.186837319179574e-11
17.1,74,37,33.25,-81.618,3.80183,0.5787,14.53453,37.10471,-4.14948,991.98114,3.91796,0.92459,0,331.20087,0.8146,4.772e-11,1,1,6.492831272630895e-11
17.1,75,37,33.25,-81.617,3.82562,0.57572,14.522,37.11525,-3.19029,991.80347,3.91656,0.93314,0,333.59802,0.81974,4.129e-11,1,1,5.961894866679529e-11
17.1,76,37,33.25,-81.616,3.83939,0.56423,14.51144,37.12207,-3.33296,991.67596,3.91508,0.9408,0,334.90259,0.87322,4.49e-11,1,1,6.302572352900881e-11
17.1,77,37,33.25,-81.615,3.83936,0.55286,14.50524,37.12085,-3.56119,991.59473,3.91368,0.94728,0,335.02557,0.92348,6.662e-11,1,1,8.393521988558916e-11
17.1,44,38,33.251,-81.648,3.77572,0.99064,14.32413,37.97829,-1.77988,991.5885,3.9567,0.67391,0,212.26347,1.23673,2.568e-10,1,1,7.473552887660162e-10
17.1,45,38,33.251,-81.647,3.78443,0.98377,14.31808,37.97885,-2.57065,991.56079,3.95529,0.67452,0,213.7645,1.20739,3.11e-09,1,1,2.9201920881405385e-09
17.1,46,38,33.251,-81.646,3.79191,0.97506,14.31193,37.97935,-3.22554,991.54218,3.95382,0.67533,0,215.1386,1.16592,2.677e-09,1,1,3.0827498331831293e-09
17.1,47,38,33.251,-81.645,3.79817,0.96488,14.30681,37.97729,-3.74147,991.53461,3.9523,0.67625,0,216.51112,1.12915,2.65e-09,1,1,2.9933515666158428e-09
17.1,48,38,33.251,-81.644,3.8034,0.95444,14.30435,37.96943,-4.13725,991.53864,3.95082,0.6771,0,218.04404,1.12304,1.915e-09,1,1,2.233655926886513e-09
17.1,49,38,33.251,-81.643,3.80723,0.94418,14.30186,37.96223,-4.27211,991.54022,3.94942,0.67784,0,219.746,1.16836,1.651e-09,1,1,1.7468578805690527e-09
17.1,50,38,33.251,-81.642,3.81038,0.93385,14.2995,37.95421,-4.48205,991.54108,3.94797,0.67861,0,221.19008,1.21388,1.246e-09,1,1,1.1392322640801922e-09
17.1,51,38,33.251,-81.641,3.8124,0.92312,14.29776,37.94458,-4.54283,991.54126,3.94651,0.67927,0,222.07687,1.24977,9.36e-10,1,1,9.350313856515413e-10
17.1,52,38,33.251,-81.64,3.81282,0.91156,14.29725,37.93241,-4.1352,991.54126,3.94512,0.67963,0,222.04961,1.26263,7.399e-10,1,1,8.289984809728423e-10
17.1,53,38,33.251,-81.639,3.80347,0.90279,14.29624,37.92099,-4.28173,991.5415,3.94366,0.6803,0,222.03767,1.28596,6.261e-10,1,1,1.0008888162715834e-09
17.1,54,38,33.251,-81.638,3.82833,0.89247,14.30239,37.89389,-1.30056,991.54138,3.94244,0.68024,0,273.52319,1.05826,5.365e-10,1,1,4.049970636632594e-10
17.1,55,38,33.251,-81.637,3.8713,0.87995,14.31314,37.85634,2.82133,991.54034,3.94132,0.68061,0,341.26761,0.74402,4.295e-10,1,1,3.8394959434029374e-10
17.1,56,38,33.251,-81.636,3.89354,0.86347,14.32333,37.81856,3.07353,991.53705,3.94005,0.68475,0,337.78604,0.75065,3.374e-10,1,1,3.9829772813249065e-10
17.1,57,38,33.251,-81.635,3.89776,0.8471,14.33092,37.78804,2.03958,991.53522,3.93884,0.69281,0,335.42798,0.75653,2.836e-10,1,1,3.0069080558803307e-10
17.1,58,38,33.251,-81.634,3.89573,0.83004,14.33921,37.75534,0.77397,991.53442,3.93758,0.70373,0,333.56296,0.7613,2.331e-10,1,1,2.1459165000514702e-10
17.1,59,38,33.251,-81.633,3.88894,0.81262,14.34851,37.71988,-0.49652,991.53455,3.93629,0.71743,0,332.23904,0.76462,2.323e-10,1,1,2.1678051020934674e-10
17.1,60,38,33.251,-81.632,3.88033,0.79666,14.35781,37.68541,-1.41784,991.5343,3.9351,0.73236,0,331.58624,0.76632,2.452e-10,1,1,2.1862769927771808e-10
17.1,61,38,33.251,-81.631,3.87106,0.77963,14.36821,37.64742,-2.24363,991.534,3.93383,0.74928,0,331.28302,0.76956,2.284e-10,1,1,2.0150123236639672e-10
17.1,62,38,33.251,-81.63,3.86225,0.76255,14.37791,37.611,-2.93192,991.53345,3.93253,0.76657,0,331.26932,0.77236,2.115e-10,1,1,2.114045882795068e-10
17.1,63,38,33.251,-81.629,3.85426,0.74583,14.38634,37.57782,-3.497,991.53241,3.93124,0.78345,0,331.46887,0.77391,2.028e-10,1,1,2.0032889236354379e-10
17.1,64,38,33.251,-81.628,3.84729,0.73022,14.3932,37.54902,-3.98611,991.53125,3.93002,0.7987,0,331.74353,0.77374,1.653e-10,1,1,1.7310616828858372e-10
17.1,65,38,33.251,-81.627,3.84134,0.71373,14.4014,37.51638,-4.41313,991.53094,3.92872,0.81427,0,331.62796,0.7736,1.596e-10,1,1,1.6867815477716874e-10
17.1,66,38,33.251,-81.626,3.83566,0.69782,14.40931,37.48467,-4.76351,991.53149,3.92743,0.8285,0,331.54105,0.77441,1.287e-10,1,1,1.4302878326155621e-10
17.1,67,38,33.251,-81.625,3.82983,0.68267,14.41698,37.45384,-5.04855,991.53394,3.92617,0.84134,0,331.57895,0.77663,1.103e-10,1,1,1.281564021571313e-10
17.1,68,38,33.251,-81.624,3.82253,0.6671,14.42799,37.41444,-5.28802,991.5473,3.92483,0.85419,0,331.63068,0.78316,1.072e-10,1,1,1.225153589690109e-10
17.1,69,38,33.251,-81.623,3.8138,0.65421,14.43908,37.37605,-5.4496,991.56915,3.92358,0.86581,0,331.31595,0.7837,1.264e-10,1,1,1.3341375226794128e-10
17.1,70,38,33.251,-81.622,3.80219,0.64288,14.45256,37.3326,-5.55737,991.60974,3.92233,0.87737,0,330.90161,0.78487,1.111e-10,1,1,1.2155579320882737e-10
17.1,71,38,33.251,-81.621,3.78742,0.63347,14.47012,37.28023,-5.56615,991.67908,3.92108,0.88921,0,330.49564,0.79045,1.248e-10,1,1,1.237478730597985e-10
17.1,72,38,33.251,-81.62,3.77869,0.62915,14.49188,37.22036,-5.15276,991.77722,3.91998,0.90001,0,330.28836,0.80703,1.269e-10,1,1,1.0891068602525422e-10
17.1,73,38,33.251,-81.619,3.7832,0.62633,14.50432,37.17946,-4.48792,991.80927,3.91875,0.91081,0,330.59137,0.83078,1.051e-10,1,1,1.1260850585337323e-10
17.1,74,38,33.251,-81.618,3.79558,0.6232,14.50815,37.15633,-3.78523,991.77295,3.91745,0.92071,0,331.56403,0.86479,8.552e-11,1,1,1.0415970863597579e-10
17.1,75,38,33.251,-81.617,3.81079,0.61869,14.5052,37.14766,-3.20411,991.67877,3.91615,0.92907,0,333.1821,0.90876,8.324e-11,1,1,1.0164999397765939e-10
17.1,76,38,33.251,-81.616,3.82085,0.60828,14.50129,37.14141,-3.37984,991.60907,3.91477,0.93668,0,333.96039,0.97607,9.437e-11,1,1,1.0510534109720027e-10
17.1,77,38,33.251,-81.615,3.82022,0.59732,14.50004,37.12989,-3.57325,991.56268,3.91342,0.94345,0,333.95947,1.02821,8.083e-11,1,1,1.0041609210809099e-10
17.1,47,39,33.252,-81.645,3.76748,0.96998,14.32553,37.93222,-1.58729,991.53528,3.95247,0.6706,0,217.23276,1.10803,8.043e-12,1,1,2.1338333877629623e-10
17.1,48,39,33.252,-81.644,3.77354,0.96228,14.32271,37.92509,-1.91332,991.53772,3.95099,0.6711,0,218.63086,1.13124,5.268e-11,1,1,2.0170695669285976e-10
17.1,49,39,33.252,-81.643,3.77805,0.95436,14.31947,37.91984,-2.04298,991.53821,3.94959,0.67163,0,220.29095,1.17535,1.391e-10,1,1,2.8954458275443073e-10
17.1,50,39,33.252,-81.642,3.78173,0.94643,14.3165,37.91339,-2.24583,991.53888,3.94815,0.67226,0,221.74384,1.21838,2.803e-10,1,1,4.908657369462333e-10
17.1,51,39,33.252,-81.641,3.78415,0.93809,14.31424,37.90511,-2.30269,991.53943,3.9467,0.67287,0,222.63609,1.25283,4.311e-10,1,1,4.856123281271607e-10
17.1,52,39,33.252,-81.64,3.78493,0.92876,14.31323,37.89437,-1.90154,991.53943,3.94532,0.67329,0,222.52756,1.26871,4.942e-10,1,1,4.850652102206254e-10
17.1,53,39,33.252,-81.639,3.7761,0.92248,14.31185,37.88419,-2.13463,991.54016,3.94389,0.67406,0,222.5166,1.29386,5.385e-10,1,1,4.901111183563955e-10
17.1,54,39,33.252,-81.638,3.80144,0.91468,14.31813,37.85681,0.7602,991.54047,3.94267,0.67404,0,273.87546,1.06358,5.94e-10,1,1,4.706496858908338e-10
17.1,55,39,33.252,-81.637,3.84468,0.90449,14.32944,37.81791,4.81155,991.53998,3.94156,0.67441,0,341.45203,0.74367,5.791e-10,1,1,3.90019794238583e-10
17.1,56,39,33.252,-81.636,3.86649,0.88951,14.34049,37.77835,5.03294,991.53748,3.94031,0.67863,0,337.99908,0.74349,5.192e-10,1,1,4.373266471180415e-10
17.1,57,39,33.252,-81.635,3.86998,0.87415,14.34758,37.74923,3.91371,991.5354,3.93911,0.68695,0,335.58249,0.75613,4.552e-10,1,1,3.991449115670065e-10
17.1,58,39,33.252,-81.634,3.86715,0.85807,14.35535,37.71782,2.58115,991.53394,3.93785,0.69826,0,333.63171,0.76419,4.353e-10,1,1,3.89501542130688e-10
17.1,59,39,33.252,-81.633,3.85941,0.84161,14.36433,37.68303,1.25502,991.53308,3.93654,0.7124,0,332.22064,0.76616,3.862e-10,1,1,3.9988171107729897e-10
17.1,60,39,33.252,-81.632,3.84958,0.82645,14.3736,37.64869,0.22405,991.53259,3.93536,0.72762,0,331.54684,0.76804,3.192e-10,1,1,3.602011466874444e-10
17.1,61,39,33.252,-81.631,3.83904,0.81047,14.38329,37.61227,-0.66272,991.53168,3.93407,0.74502,0,331.1308,0.77079,3.004e-10,1,1,3.30519611679847e-10
17.1,62,39,33.252,-81.63,3.82907,0.79461,14.39265,37.57662,-1.38087,991.53119,3.93276,0.76289,0,330.97992,0.77312,2.533e-10,1,1,2.5635885081420895e-10
17.1,63,39,33.252,-81.629,3.82006,0.77918,14.40109,37.54343,-1.95824,991.53107,3.93147,0.78038,0,331.04333,0.77456,1.96e-10,1,1,2.2837473578896095e-10
17.1,64,39,33.252,-81.628,3.81222,0.76479,14.4073,37.51619,-2.46029,991.53033,3.93022,0.79614,0,331.19241,0.77486,2.003e-10,1,1,2.1939186578556757e-10
17.1,65,39,33.252,-81.627,3.8057,0.74987,14.41521,37.48401,-2.87432,991.52911,3.92891,0.81228,0,331.28625,0.77512,2.314e-10,1,1,2.200401250096462e-10
17.1,66,39,33.252,-81.626,3.79991,0.73552,14.4227,37.45313,-3.19444,991.52734,3.92761,0.82706,0,331.4025,0.77676,2.084e-10,1,1,2.1734744559687158e-10
17.1,67,39,33.252,-81.625,3.79458,0.72182,14.4294,37.42449,-3.43597,991.52509,3.92634,0.84039,0,331.56717,0.77953,2.169e-10,1,1,2.2499227481098671e-10
17.1,68,39,33.252,-81.624,3.78974,0.70787,14.43668,37.39357,-3.60886,991.52295,3.92498,0.85357,0,331.849,0.78009,2.039e-10,1,1,2.0895971064582852e-10
17.1,69,39,33.252,-81.623,3.78432,0.69567,14.44353,37.36427,-3.77902,991.52039,3.92368,0.86517,0,331.75595,0.78179,1.925e-10,1,1,1.9330079203960793e-10
17.1,70,39,33.252,-81.622,3.77728,0.68437,14.4527,37.32978,-3.88956,991.52972,3.92238,0.87655,0,331.47253,0.78409,1.441e-10,1,1,1.6070558772618426e-10
17.1,71,39,33.252,-81.621,3.76839,0.6742,14.46572,37.28661,-3.88422,991.55988,3.92108,0.88805,0,331.06137,0.78981,1.196e-10,1,1,1.406627314626263e-10
17.1,72,39,33.252,-81.62,3.763,0.66784,14.48029,37.24169,-3.63987,991.61328,3.9199,0.89824,0,330.83664,0.82215,1.157e-10,1,1,1.3527337583418841e-10
17.1,73,39,33.252,-81.619,3.76551,0.66267,14.48948,37.20778,-3.32467,991.63495,3.91861,0.90852,0,330.9635,0.89349,1.475e-10,1,1,1.476436473080156e-10
17.1,74,39,33.252,-81.618,3.77294,0.65744,14.49446,37.18264,-3.00178,991.62329,3.9173,0.91808,0,331.50119,0.97783,1.098e-10,1,1,1.230572033161792e-10
17.1,75,39,33.252,-81.617,3.78237,0.65145,14.4966,37.16383,-2.71994,991.58295,3.91603,0.92634,0,332.41077,1.05438,1.164e-10,1,1,1.0835402020070717e-10
17.1,76,39,33.252,-81.616,3.79016,0.64181,14.49713,37.14833,-2.8342,991.54785,3.91467,0.934,0,333.06625,1.07145,6.595e-11,1,1,9.829101421665598e-11
17.1,77,39,33.252,-81.615,3.79099,0.63157,14.50075,37.12592,-2.89728,991.5199,3.91335,0.94091,0,333.10843,1.0768,8.418e-11,1,1,1.0272130368527144e-10
17.1,51,40,33.253,-81.641,3.75095,0.93463,14.33356,37.85935,-0.08486,991.53754,3.94695,0.66783,0,222.7321,1.24863,5.228e-12,1,1,4.357356142570268e-11
17.1,52,40,33.253,-81.64,3.75168,0.92736,14.33246,37.84918,0.32553,991.53766,3.94562,0.66823,0,222.67941,1.26908,1.609e-11,1,1,4.1358388935819335e-11
17.1,53,40,33.253,-81.639,3.74323,0.92358,14.32993,37.84221,0.05366,991.53833,3.94422,0.6691,0,222.75267,1.29387,5.067e-11,1,1,5.92815518896117e-11
17.1,54,40,33.253,-81.638,3.76871,0.91825,14.33628,37.81467,2.89216,991.53857,3.94299,0.66909,0,274.03174,1.0538,8.043e-11,1,1,8.891201663807635e-11
17.1,55,40,33.253,-81.637,3.81174,0.91033,14.34809,37.7744,6.88259,991.5379,3.94186,0.66946,0,341.3811,0.71734,1.074e-10,1,1,9.923442623183121e-11
17.1,56,40,33.253,-81.636,3.83284,0.89714,14.35789,37.73828,7.05709,991.53491,3.94064,0.67384,0,337.54962,0.69698,1.52e-10,1,1,1.3844278501373708e-10
17.1,57,40,33.253,-81.635,3.83532,0.88319,14.36589,37.70703,5.92622,991.53333,3.93946,0.68241,0,335.33105,0.72296,1.818e-10,1,1,1.7948117991828383e-10
17.1,58,40,33.253,-81.634,3.83132,0.86855,14.37418,37.67446,4.56982,991.53186,3.93821,0.69404,0,333.46317,0.74657,1.773e-10,1,1,1.8658782852121192e-10
17.1,59,40,33.253,-81.633,3.82232,0.85359,14.38314,37.63985,3.19467,991.53064,3.93691,0.70857,0,331.95056,0.76102,1.745e-10,1,1,1.8754384156771664e-10
17.1,60,40,33.253,-81.632,3.8113,0.83979,14.39277,37.60456,2.07892,991.53052,3.93572,0.72417,0,331.16306,0.76911,2.093e-10,1,1,1.856406972589042e-10
17.1,61,40,33.253,-81.631,3.79962,0.82522,14.40234,37.56863,1.15229,991.52936,3.93443,0.74204,0,330.79398,0.77323,2.054e-10,1,1,2.138414723074078e-10
17.1,62,40,33.253,-81.63,3.78858,0.81072,14.41017,37.53666,0.37434,991.52863,3.93312,0.76038,0,330.69876,0.77523,1.674e-10,1,1,1.9866511213884053e-10
17.1,63,40,33.253,-81.629,3.77857,0.79661,14.41668,37.5079,-0.27584,991.5285,3.93179,0.77834,0,330.7699,0.77616,1.532e-10,1,1,1.8072057739182412e-10
17.1,64,40,33.253,-81.628,3.7699,0.78346,14.42425,37.47723,-0.77999,991.52777,3.93053,0.79455,0,330.86456,0.77706,1.751e-10,1,1,1.8691467817966156e-10
17.1,65,40,33.253,-81.627,3.76252,0.76994,14.43293,37.44312,-1.1713,991.52698,3.9292,0.81116,0,331.004,0.77598,1.417e-10,1,1,1.8743021024114626e-10
17.1,66,40,33.253,-81.626,3.75624,0.75693,14.44063,37.41162,-1.49134,991.52631,3.9279,0.82646,0,331.16714,0.77576,1.395e-10,1,1,1.6584508766293027e-10
17.1,67,40,33.253,-81.625,3.7508,0.74449,14.4471,37.38354,-1.76106,991.52563,3.92661,0.84034,0,331.35571,0.77695,1.525e-10,1,1,1.6759391097131981e-10
17.1,68,40,33.253,-81.624,3.7462,0.73188,14.45341,37.35527,-1.96127,991.52429,3.92527,0.85396,0,331.66187,0.7792,1.228e-10,1,1,1.6564602467461498e-10
17.1,69,40,33.253,-81.623,3.74199,0.72064,14.45947,37.328,-2.13562,991.5224,3.92397,0.86576,0,331.6142,0.78137,1.248e-10,1,1,1.6511811362640572e-10
17.1,70,40,33.253,-81.622,3.73763,0.70997,14.46671,37.29784,-2.24129,991.52368,3.92266,0.87713,0,331.48203,0.78437,1.247e-10,1,1,1.4126713687723225e-10
17.1,71,40,33.253,-81.621,3.73315,0.69994,14.47582,37.26303,-2.23702,991.53076,3.92131,0.88834,0,331.3439,0.79847,1.035e-10,1,1,1.1531073318415963e-10
17.1,72,40,33.253,-81.62,3.7311,0.69244,14.48505,37.2291,-2.09361,991.5437,3.92008,0.89803,0,331.10864,0.90168,8.74e-11,1,1,1.067937682730502e-10
17.1,73,40,33.253,-81.619,3.73314,0.68543,14.49131,37.20116,-1.94717,991.54614,3.91875,0.90778,0,331.18338,1.00337,8.74e-11,1,1,1.0750469958686892e-10
17.1,74,40,33.253,-81.618,3.73804,0.67852,14.49548,37.17783,-1.8092,991.53766,3.9174,0.91697,0,331.4408,1.06689,9.303e-11,1,1,1.0737841171781781e-10
17.1,75,40,33.253,-81.617,3.74443,0.67159,14.49839,37.15789,-1.68846,991.52032,3.91612,0.92513,0,331.76251,1.0733,9.799e-11,1,1,1.0848458242840309e-10
17.1,76,40,33.253,-81.616,3.75188,0.66253,14.50187,37.13555,-1.68524,991.49518,3.91475,0.93265,0,332.12656,1.07201,8.593e-11,1,1,1.0918990711594745e-10
17.1,77,40,33.253,-81.615,3.75601,0.65328,14.50628,37.11095,-1.61712,991.46692,3.91341,0.93956,0,332.21625,1.07267,9.92e-11,1,1,1.0763032132210526e-10
17.1,54,41,33.254,-81.638,3.73615,0.90567,14.35325,37.77469,4.62175,991.53632,3.94322,0.6653,0,274.10474,1.00157,7.239e-12,1,1,4.1199127442936856e-11
17.1,55,41,33.254,-81.637,3.77837,0.89978,14.3653,37.73413,8.57806,991.5354,3.94213,0.66572,0,341.48834,0.60785,1.327e-11,1,1,3.915165414092314e-11
17.1,56,41,33.254,-81.636,3.79857,0.88877,14.37565,37.69664,8.76614,991.53308,3.9409,0.67043,0,337.35989,0.58734,2.091e-11,1,1,4.280167886783204e-11
17.1,57,41,33.254,-81.635,3.79997,0.87682,14.38425,37.66413,7.60504,991.53149,3.93974,0.67935,0,334.91733,0.61129,2.051e-11,1,1,4.4341280647230974e-11
17.1,58,41,33.254,-81.634,3.7947,0.86411,14.39367,37.62914,6.24697,991.52997,3.93853,0.69131,0,333.04056,0.66577,3.016e-11,1,1,5.656050627855791e-11
17.1,59,41,33.254,-81.633,3.7843,0.85093,14.40341,37.59297,4.88116,991.52869,3.93726,0.70617,0,331.71637,0.73584,4.544e-11,1,1,6.17315920603545e-11
17.1,60,41,33.254,-81.632,3.77208,0.83861,14.4102,37.5644,3.68228,991.52795,3.93603,0.7221,0,331.06525,0.76378,5.644e-11,1,1,6.50045850481007e-11
17.1,61,41,33.254,-81.631,3.75926,0.82548,14.42057,37.5266,2.72526,991.52716,3.93476,0.74036,0,330.70053,0.77387,6.917e-11,1,1,6.891701098687975e-11
17.1,62,41,33.254,-81.63,3.74702,0.81236,14.42902,37.49316,1.93056,991.52679,3.93344,0.75911,0,330.56271,0.77715,8.593e-11,1,1,8.81706652133829e-11
17.1,63,41,33.254,-81.629,3.73584,0.79957,14.43531,37.46488,1.2685,991.52661,3.9321,0.77748,0,330.60031,0.77818,9.477e-11,1,1,9.948578072460634e-11
17.1,64,41,33.254,-81.628,3.72642,0.78769,14.44369,37.43222,0.77211,991.52588,3.93084,0.79414,0,330.74512,0.77859,9.182e-11,1,1,1.0326992039288996e-10
17.1,65,41,33.254,-81.627,3.71822,0.77541,14.45219,37.39849,0.36995,991.52521,3.9295,0.81108,0,330.89755,0.77067,7.467e-11,1,1,9.661896283041926e-11
17.1,66,41,33.254,-81.626,3.71157,0.76366,14.45924,37.36857,0.02257,991.52484,3.92818,0.82676,0,331.03787,0.76844,8.552e-11,1,1,1.0023218366406184e-10
17.1,67,41,33.254,-81.625,3.70626,0.75251,14.46488,37.34245,-0.2874,991.52478,3.92689,0.84108,0,331.18115,0.77351,8.593e-11,1,1,1.0157816254796614e-10
17.1,68,41,33.254,-81.624,3.70191,0.74109,14.47104,37.31443,-0.5388,991.52393,3.92553,0.85506,0,331.47604,0.77519,9.062e-11,1,1,1.0274123218856346e-10
17.1,69,41,33.254,-81.623,3.69861,0.73108,14.47664,37.28834,-0.72373,991.52264,3.92423,0.86719,0,331.41229,0.77908,9.209e-11,1,1,1.0610909373376387e-10
17.1,70,41,33.254,-81.622,3.69591,0.72152,14.48283,37.26052,-0.82983,991.52075,3.92291,0.87877,0,331.31271,0.78622,8.727e-11,1,1,1.0321418719705377e-10
17.1,71,41,33.254,-81.621,3.69394,0.71229,14.48992,37.22995,-0.83549,991.5177,3.92154,0.89001,0,331.29764,0.8109,9.558e-11,1,1,1.0171810616022015e-10
17.1,72,41,33.254,-81.62,3.69373,0.70468,14.49516,37.2048,-0.78951,991.51251,3.92025,0.89952,0,331.3186,0.95736,8.284e-11,1,1,9.376241449920997e-11
17.1,73,41,33.254,-81.619,3.69575,0.69681,14.50049,37.17864,-0.68747,991.50415,3.9189,0.90887,0,331.26031,1.03127,1.007e-10,1,1,1.0301695607672912e-10
17.1,74,41,33.254,-81.618,3.69968,0.68895,14.50485,37.15469,-0.57121,991.4928,3.91755,0.91753,0,331.2739,1.06024,8.097e-11,1,1,9.469455775068525e-11
17.1,75,41,33.254,-81.617,3.70489,0.68143,14.50763,37.13514,-0.47266,991.47925,3.91626,0.92509,0,331.44629,1.0692,8.177e-11,1,1,9.816333856882409e-11
17.1,76,41,33.254,-81.616,3.71367,0.6732,14.51024,37.11433,-0.35493,991.44568,3.91487,0.93241,0,331.80573,1.06574,1.11e-10,1,1,1.0746212253387455e-10
17.1,77,41,33.254,-81.615,3.72329,0.66579,14.51243,37.09413,-0.11357,991.39905,3.9135,0.93922,0,332.06857,1.06701,9.558e-11,1,1,1.0623321666791696e-10
17.1,60,42,33.255,-81.632,3.74038,0.82755,14.42576,37.52739,4.68861,991.52631,3.93621,0.72144,0,330.50443,0.72132,2.011e-12,1,1,3.769387579843908e-11
17.1,61,42,33.255,-81.631,3.72656,0.81588,14.43681,37.48819,3.72505,991.52557,3.93494,0.74009,0,330.14786,0.75718,7.239e-12,1,1,3.918418367554466e-11
17.1,62,42,33.255,-81.63,3.71334,0.80415,14.44519,37.45516,2.91231,991.52478,3.93364,0.75917,0,330.04578,0.77365,1.568e-11,1,1,4.250380603032511e-11
17.1,63,42,33.255,-81.629,3.70128,0.79263,14.45072,37.42886,2.23058,991.52411,3.93231,0.77782,0,330.2204,0.77911,2.453e-11,1,1,4.5308340412830717e-11
17.1,64,42,33.255,-81.628,3.69146,0.7819,14.45964,37.39495,1.75005,991.52338,3.93106,0.79483,0,330.66486,0.77887,3.016e-11,1,1,4.879988080297437e-11
17.1,65,42,33.255,-81.627,3.6829,0.77062,14.46747,37.36272,1.32698,991.52319,3.9297,0.812,0,330.84235,0.7752,5.174e-11,1,1,5.0211418356482795e-11
17.1,66,42,33.255,-81.626,3.67611,0.75993,14.47419,37.33356,0.96054,991.52319,3.92837,0.82788,0,330.96405,0.77396,5.563e-11,1,1,7.036957128114807e-11
17.1,67,42,33.255,-81.625,3.67091,0.74992,14.48002,37.30703,0.63878,991.52301,3.92708,0.8424,0,331.11038,0.77559,5.496e-11,1,1,7.095882215146787e-11
17.1,68,42,33.255,-81.624,3.66709,0.73951,14.48534,37.28081,0.3435,991.52155,3.9257,0.85661,0,331.38797,0.77408,5.241e-11,1,1,7.148567848780374e-11
17.1,69,42,33.255,-81.623,3.66457,0.73047,14.49069,37.25521,0.15756,991.52112,3.92439,0.86897,0,331.36353,0.77348,5.148e-11,1,1,7.117309519522053e-11
17.1,70,42,33.255,-81.622,3.66271,0.7218,14.4964,37.22855,0.01399,991.52069,3.92305,0.88067,0,331.24646,0.7769,6.408e-11,1,1,7.709541338662973e-11
17.1,71,42,33.255,-81.621,3.66153,0.71334,14.50261,37.20026,-0.09697,991.51984,3.92167,0.89186,0,331.12119,0.79451,4.786e-11,1,1,6.975123256758309e-11
17.1,72,42,33.255,-81.62,3.66179,0.70629,14.50826,37.17422,-0.12247,991.52008,3.92037,0.90106,0,331.16583,0.88866,4.598e-11,1,1,6.694120258110559e-11
17.1,73,42,33.255,-81.619,3.6643,0.69888,14.513,37.14921,-0.04547,991.5097,3.919,0.91004,0,331.1673,0.97991,4.772e-11,1,1,6.808734132057737e-11
17.1,74,42,33.255,-81.618,3.66905,0.69165,14.51648,37.1269,0.09958,991.4895,3.91762,0.9184,0,331.26337,1.03993,6.555e-11,1,1,7.891695630313222e-11
17.1,75,42,33.255,-81.617,3.67553,0.68509,14.51861,37.10836,0.27618,991.46173,3.91634,0.92578,0,331.52701,1.05419,5.751e-11,1,1,7.492037545908659e-11
17.1,76,42,33.255,-81.616,3.68779,0.67725,14.51885,37.09204,0.5489,991.40265,3.91491,0.93284,0,332.03125,1.0571,5.577e-11,1,1,7.556946735043368e-11
17.1,77,42,33.255,-81.615,3.70052,0.67036,14.51722,37.07956,0.92236,991.32263,3.91349,0.93962,0,332.37411,1.06214,8.311e-11,1,1,8.864750600245941e-11
17.1,63,43,33.256,-81.629,3.67396,0.781,14.46718,37.38833,2.6686,991.52222,3.93232,0.77956,0,328.94995,0.72512,7.373e-12,1,1,3.766645328973084e-11
17.1,64,43,33.256,-81.628,3.66401,0.7715,14.47422,37.35909,2.14316,991.52148,3.93106,0.79672,0,329.4743,0.75535,6.703e-12,1,1,3.756681077327073e-11
17.1,65,43,33.256,-81.627,3.65567,0.76146,14.48035,37.33094,1.6534,991.52087,3.92969,0.81407,0,329.80392,0.76447,8.982e-12,1,1,3.835418094233489e-11
17.1,66,43,33.256,-81.626,3.64909,0.75181,14.48713,37.30164,1.27201,991.52026,3.92836,0.83003,0,330.05963,0.76436,6.971e-12,1,1,4.1334963229999744e-11
17.1,67,43,33.256,-81.625,3.64405,0.74264,14.49462,37.2712,0.9896,991.51965,3.92709,0.84455,0,330.28793,0.76076,1.702e-11,1,1,4.442943235538621e-11
17.1,68,43,33.256,-81.624,3.64093,0.73311,14.50062,37.24326,0.71578,991.51868,3.9257,0.85891,0,330.49689,0.76105,2.252e-11,1,1,4.805397746387996e-11
17.1,69,43,33.256,-81.623,3.63915,0.72487,14.50623,37.21702,0.54136,991.51855,3.92438,0.87133,0,330.54486,0.76376,2.909e-11,1,1,4.8738707514317525e-11
17.1,70,43,33.256,-81.622,3.63811,0.71708,14.51186,37.1906,0.38799,991.51898,3.92304,0.88303,0,330.54028,0.7694,2.708e-11,1,1,4.9063059170961765e-11
17.1,71,43,33.256,-81.621,3.63781,0.70965,14.5176,37.16343,0.23875,991.52032,3.92165,0.89415,0,330.52478,0.78068,2.842e-11,1,1,4.986774881921008e-11
17.1,72,43,33.256,-81.62,3.63892,0.70383,14.52301,37.13777,0.17582,991.52338,3.92033,0.9032,0,330.58459,0.81115,3.204e-11,1,1,4.868724867712615e-11
17.1,73,43,33.256,-81.619,3.64248,0.69773,14.52611,37.11657,0.17472,991.51227,3.91893,0.91199,0,330.6051,0.89974,3.338e-11,1,1,4.993452873414128e-11
17.1,74,43,33.256,-81.618,3.64835,0.69193,14.52861,37.0964,0.27736,991.48834,3.91753,0.92008,0,330.76648,0.9834,2.681e-11,1,1,4.8911291683495506e-11
17.1,75,43,33.256,-81.617,3.65592,0.6869,14.53166,37.07522,0.49216,991.45508,3.91621,0.92716,0,331.16052,1.02003,2.145e-11,1,1,4.5932785353031136e-11
17.1,76,43,33.256,-81.616,3.67102,0.67983,14.52857,37.06616,0.82105,991.37952,3.91476,0.93409,0,331.62799,1.03198,2.252e-11,1,1,4.717523593988915e-11
17.1,77,43,33.256,-81.615,3.68612,0.67339,14.52369,37.06047,1.23266,991.27661,3.91332,0.94081,0,332.04739,1.04191,2.225e-11,1,1,4.736824821272023e-11
17.1,66,44,33.257,-81.626,3.63454,0.74435,14.49986,37.2686,1.08706,991.51721,3.92817,0.83325,0,329.08749,0.72569,8.043e-12,1,1,3.818098615049337e-11
17.1,67,44,33.257,-81.625,3.63024,0.73617,14.50614,37.24082,0.77133,991.51605,3.92687,0.84779,0,329.35727,0.73572,2.681e-12,1,1,3.744751730927476e-11
17.1,68,44,33.257,-81.624,3.62833,0.72762,14.51141,37.21453,0.45477,991.51526,3.92547,0.86223,0,329.51114,0.73624,4.022e-12,1,1,3.765823763934861e-11
17.1,69,44,33.257,-81.623,3.6278,0.72026,14.51716,37.18805,0.24753,991.5155,3.92415,0.87456,0,329.60022,0.74095,5.63e-12,1,1,3.805403214762748e-11
17.1,70,44,33.257,-81.622,3.6281,0.7134,14.52262,37.16203,0.06448,991.51642,3.92281,0.88612,0,329.70822,0.74877,8.043e-12,1,1,3.859099151348744e-11
17.1,71,44,33.257,-81.621,3.62924,0.70703,14.52752,37.13685,-0.1112,991.51819,3.92141,0.89707,0,329.85623,0.75913,4.826e-12,1,1,3.7813169262435053e-11
17.1,72,44,33.257,-81.62,3.63131,0.70239,14.5327,37.11201,-0.18043,991.52118,3.9201,0.9059,0,329.88574,0.764,1.702e-11,1,1,4.245873097552533e-11
17.1,73,44,33.257,-81.619,3.6357,0.69804,14.53623,37.08979,-0.22977,991.51172,3.9187,0.91453,0,329.91772,0.81908,1.434e-11,1,1,4.171432643751416e-11
17.1,74,44,33.257,-81.618,3.6422,0.69432,14.53924,37.06836,-0.17187,991.49054,3.91729,0.92249,0,330.06165,0.88751,7.641e-12,1,1,4.199149361561183e-11
17.1,75,44,33.257,-81.617,3.65017,0.69144,14.54251,37.04678,0.03177,991.46057,3.91597,0.92941,0,330.36807,0.94168,8.714e-12,1,1,4.034636513772227e-11
17.1,76,44,33.257,-81.616,3.66627,0.68636,14.53918,37.03788,0.34588,991.38025,3.9145,0.93637,0,330.97769,0.96642,1.475e-11,1,1,4.312425416763688e-11
17.1,77,44,33.257,-81.615,3.68347,0.68129,14.53389,37.0328,0.84363,991.26697,3.91306,0.94304,0,331.54675,0.99011,2.145e-11,1,1,4.5634024337104506e-11
17.1,72,45,33.258,-81.62,3.6375,0.70452,14.54117,37.08784,-0.96105,991.51648,3.91974,0.90945,0,329.33582,0.74615,4.022e-12,1,1,3.813863114210392e-11
17.1,73,45,33.258,-81.619,3.64289,0.70224,14.54507,37.06491,-1.05383,991.51025,3.91834,0.91796,0,329.37863,0.77039,1.005e-11,1,1,3.863706576900938e-11
17.1,74,45,33.258,-81.618,3.64979,0.70093,14.54846,37.04287,-1.04248,991.49548,3.91695,0.9258,0,329.60654,0.80557,6.033e-12,1,1,3.808228732360419e-11
17.1,75,45,33.258,-81.617,3.65767,0.70055,14.55151,37.02214,-0.89808,991.47382,3.91563,0.93262,0,329.97266,0.84436,1.609e-12,1,1,3.9578479382740284e-11
17.1,76,45,33.258,-81.616,3.67251,0.69861,14.54972,37.01015,-0.6445,991.40265,3.91418,0.93956,0,330.43137,0.89748,3.217e-12,1,1,3.841951756733408e-11
17.1,77,45,33.258,-81.615,3.69004,0.69593,14.54619,37.00125,-0.09724,991.29797,3.91275,0.94625,0,331.16782,0.93348,4.826e-12,1,1,4.1074227352666526e-11
17.1,73,46,33.259,-81.619,3.65663,0.70823,14.55508,37.03684,-1.69179,991.50885,3.91796,0.92203,0,329.53345,0.7485,1.609e-12,1,1,3.778347079652633e-11
17.1,74,46,33.259,-81.618,3.66379,0.70913,14.55925,37.01345,-1.75655,991.50244,3.91659,0.92968,0,329.70108,0.76513,5.228e-12,1,1,3.776232104790722e-11
17.1,75,46,33.259,-81.617,3.67136,0.71102,14.56287,36.99192,-1.71437,991.49243,3.91528,0.93636,0,329.87805,0.78019,1.287e-11,1,1,4.0555697689015346e-11
17.1,76,46,33.259,-81.616,3.6834,0.7127,14.56291,36.97655,-1.60877,991.44269,3.91387,0.94314,0,330.21173,0.82992,7.641e-12,1,1,4.440323109200506e-11
17.1,77,46,33.259,-81.615,3.69974,0.71338,14.56281,36.96073,-1.11336,991.3656,3.91248,0.94973,0,330.88083,0.87185,2.011e-12,1,1,4.1147057983081936e-11
17.1,76,47,33.26,-81.616,3.69447,0.72448,14.58021,36.93341,-2.05925,991.48163,3.9136,0.94723,0,329.92709,0.77191,5.63e-12,1,1,4.7887388499034955e-11
17.1,77,47,33.26,-81.615,3.70739,0.72811,14.58349,36.91119,-1.74933,991.4375,3.91226,0.95354,0,330.30359,0.80974,5.228e-12,1,1,4.110708995419543e-11
17.1,77,49,33.262,-81.615,3.69738,0.72158,14.63328,36.79329,0.20175,991.49829,3.91229,0.96176,0,328.46024,0.75494,3.217e-12,1,1,4.1553954721607056e-11
